<?xml version="1.0" encoding="UTF-8" standalone="no"?>
<raConfiguration version="3">
  <generalSettings>
    <option key="#pinconfiguration#" value="R9A07G074M08GBG.pincfg"/>
    <option key="#Board#" value="board.custom"/>
    <option key="CPU" value="RZT2L"/>
    <option key="Core" value="CR52_0"/>
    <option key="#TargetName#" value="R9A07G074M08GBG"/>
    <option key="#TargetARCHITECTURE#" value="cortex-r52"/>
    <option key="#DeviceCommand#" value="R9A07G074M08"/>
    <option key="#RTOS#" value="_none"/>
    <option key="#FSPVersion#" value="1.3.0"/>
    <option key="#SELECTED_TOOLCHAIN#" value="gcc-arm-embedded"/>
    <option key="#ToolchainVersion#" value="13.2.1.arm-13-7"/>
  </generalSettings>
  <raBspConfiguration>
    <config id="config.bsp.rzt2l.R9A07G074M08GBG">
      <property id="config.bsp.part_number" value="config.bsp.part_number.value"/>
      <property id="config.bsp.atcm_size_bytes" value="config.bsp.atcm_size_bytes.value"/>
      <property id="config.bsp.btcm_size_bytes" value="config.bsp.btcm_size_bytes.value"/>
      <property id="config.bsp.system_ram_size_bytes" value="config.bsp.system_ram_size_bytes.value"/>
      <property id="config.bsp.package_style" value="config.bsp.package_style.value"/>
      <property id="config.bsp.package_pins" value="config.bsp.package_pins.value"/>
      <property id="config.bsp.cpu" value="config.bsp.cpu.cpu0"/>
      <property id="config.bsp.fsp.mpu0_read_reg0" value="config.bsp.fsp.mpu0_read_reg0.disabled"/>
      <property id="config.bsp.fsp.mpu0_write_reg0" value="config.bsp.fsp.mpu0_write_reg0.disabled"/>
      <property id="config.bsp.fsp.mpu0_reg0_start" value="0x00000000"/>
      <property id="config.bsp.fsp.mpu0_reg0_end" value="0x00000000"/>
      <property id="config.bsp.fsp.mpu0_read_reg1" value="config.bsp.fsp.mpu0_read_reg1.disabled"/>
      <property id="config.bsp.fsp.mpu0_write_reg1" value="config.bsp.fsp.mpu0_write_reg1.disabled"/>
      <property id="config.bsp.fsp.mpu0_reg1_start" value="0x00000000"/>
      <property id="config.bsp.fsp.mpu0_reg1_end" value="0x00000000"/>
      <property id="config.bsp.fsp.mpu0_read_reg2" value="config.bsp.fsp.mpu0_read_reg2.disabled"/>
      <property id="config.bsp.fsp.mpu0_write_reg2" value="config.bsp.fsp.mpu0_write_reg2.disabled"/>
      <property id="config.bsp.fsp.mpu0_reg2_start" value="0x00000000"/>
      <property id="config.bsp.fsp.mpu0_reg2_end" value="0x00000000"/>
      <property id="config.bsp.fsp.mpu0_read_reg3" value="config.bsp.fsp.mpu0_read_reg3.disabled"/>
      <property id="config.bsp.fsp.mpu0_write_reg3" value="config.bsp.fsp.mpu0_write_reg3.disabled"/>
      <property id="config.bsp.fsp.mpu0_reg3_start" value="0x00000000"/>
      <property id="config.bsp.fsp.mpu0_reg3_end" value="0x00000000"/>
      <property id="config.bsp.fsp.mpu0_read_reg4" value="config.bsp.fsp.mpu0_read_reg4.disabled"/>
      <property id="config.bsp.fsp.mpu0_write_reg4" value="config.bsp.fsp.mpu0_write_reg4.disabled"/>
      <property id="config.bsp.fsp.mpu0_reg4_start" value="0x00000000"/>
      <property id="config.bsp.fsp.mpu0_reg4_end" value="0x00000000"/>
      <property id="config.bsp.fsp.mpu0_read_reg5" value="config.bsp.fsp.mpu0_read_reg5.disabled"/>
      <property id="config.bsp.fsp.mpu0_write_reg5" value="config.bsp.fsp.mpu0_write_reg5.disabled"/>
      <property id="config.bsp.fsp.mpu0_reg5_start" value="0x00000000"/>
      <property id="config.bsp.fsp.mpu0_reg5_end" value="0x00000000"/>
      <property id="config.bsp.fsp.mpu0_read_reg6" value="config.bsp.fsp.mpu0_read_reg6.disabled"/>
      <property id="config.bsp.fsp.mpu0_write_reg6" value="config.bsp.fsp.mpu0_write_reg6.disabled"/>
      <property id="config.bsp.fsp.mpu0_reg6_start" value="0x00000000"/>
      <property id="config.bsp.fsp.mpu0_reg6_end" value="0x00000000"/>
      <property id="config.bsp.fsp.mpu0_read_reg7" value="config.bsp.fsp.mpu0_read_reg7.disabled"/>
      <property id="config.bsp.fsp.mpu0_write_reg7" value="config.bsp.fsp.mpu0_write_reg7.disabled"/>
      <property id="config.bsp.fsp.mpu0_reg7_start" value="0x00000000"/>
      <property id="config.bsp.fsp.mpu0_reg7_end" value="0x00000000"/>
      <property id="config.bsp.fsp.mpu1_read_reg0" value="config.bsp.fsp.mpu1_read_reg0.disabled"/>
      <property id="config.bsp.fsp.mpu1_write_reg0" value="config.bsp.fsp.mpu1_write_reg0.disabled"/>
      <property id="config.bsp.fsp.mpu1_reg0_start" value="0x00000000"/>
      <property id="config.bsp.fsp.mpu1_reg0_end" value="0x00000000"/>
      <property id="config.bsp.fsp.mpu1_read_reg1" value="config.bsp.fsp.mpu1_read_reg1.disabled"/>
      <property id="config.bsp.fsp.mpu1_write_reg1" value="config.bsp.fsp.mpu1_write_reg1.disabled"/>
      <property id="config.bsp.fsp.mpu1_reg1_start" value="0x00000000"/>
      <property id="config.bsp.fsp.mpu1_reg1_end" value="0x00000000"/>
      <property id="config.bsp.fsp.mpu1_read_reg2" value="config.bsp.fsp.mpu1_read_reg2.disabled"/>
      <property id="config.bsp.fsp.mpu1_write_reg2" value="config.bsp.fsp.mpu1_write_reg2.disabled"/>
      <property id="config.bsp.fsp.mpu1_reg2_start" value="0x00000000"/>
      <property id="config.bsp.fsp.mpu1_reg2_end" value="0x00000000"/>
      <property id="config.bsp.fsp.mpu1_read_reg3" value="config.bsp.fsp.mpu1_read_reg3.disabled"/>
      <property id="config.bsp.fsp.mpu1_write_reg3" value="config.bsp.fsp.mpu1_write_reg3.disabled"/>
      <property id="config.bsp.fsp.mpu1_reg3_start" value="0x00000000"/>
      <property id="config.bsp.fsp.mpu1_reg3_end" value="0x00000000"/>
      <property id="config.bsp.fsp.mpu1_read_reg4" value="config.bsp.fsp.mpu1_read_reg4.disabled"/>
      <property id="config.bsp.fsp.mpu1_write_reg4" value="config.bsp.fsp.mpu1_write_reg4.disabled"/>
      <property id="config.bsp.fsp.mpu1_reg4_start" value="0x00000000"/>
      <property id="config.bsp.fsp.mpu1_reg4_end" value="0x00000000"/>
      <property id="config.bsp.fsp.mpu1_read_reg5" value="config.bsp.fsp.mpu1_read_reg5.disabled"/>
      <property id="config.bsp.fsp.mpu1_write_reg5" value="config.bsp.fsp.mpu1_write_reg5.disabled"/>
      <property id="config.bsp.fsp.mpu1_reg5_start" value="0x00000000"/>
      <property id="config.bsp.fsp.mpu1_reg5_end" value="0x00000000"/>
      <property id="config.bsp.fsp.mpu1_read_reg6" value="config.bsp.fsp.mpu1_read_reg6.disabled"/>
      <property id="config.bsp.fsp.mpu1_write_reg6" value="config.bsp.fsp.mpu1_write_reg6.disabled"/>
      <property id="config.bsp.fsp.mpu1_reg6_start" value="0x00000000"/>
      <property id="config.bsp.fsp.mpu1_reg6_end" value="0x00000000"/>
      <property id="config.bsp.fsp.mpu1_read_reg7" value="config.bsp.fsp.mpu1_read_reg7.disabled"/>
      <property id="config.bsp.fsp.mpu1_write_reg7" value="config.bsp.fsp.mpu1_write_reg7.disabled"/>
      <property id="config.bsp.fsp.mpu1_reg7_start" value="0x00000000"/>
      <property id="config.bsp.fsp.mpu1_reg7_end" value="0x00000000"/>
      <property id="config.bsp.fsp.mpu2_read_reg0" value="config.bsp.fsp.mpu2_read_reg0.disabled"/>
      <property id="config.bsp.fsp.mpu2_write_reg0" value="config.bsp.fsp.mpu2_write_reg0.disabled"/>
      <property id="config.bsp.fsp.mpu2_reg0_start" value="0x00000000"/>
      <property id="config.bsp.fsp.mpu2_reg0_end" value="0x00000000"/>
      <property id="config.bsp.fsp.mpu2_read_reg1" value="config.bsp.fsp.mpu2_read_reg1.disabled"/>
      <property id="config.bsp.fsp.mpu2_write_reg1" value="config.bsp.fsp.mpu2_write_reg1.disabled"/>
      <property id="config.bsp.fsp.mpu2_reg1_start" value="0x00000000"/>
      <property id="config.bsp.fsp.mpu2_reg1_end" value="0x00000000"/>
      <property id="config.bsp.fsp.mpu2_read_reg2" value="config.bsp.fsp.mpu2_read_reg2.disabled"/>
      <property id="config.bsp.fsp.mpu2_write_reg2" value="config.bsp.fsp.mpu2_write_reg2.disabled"/>
      <property id="config.bsp.fsp.mpu2_reg2_start" value="0x00000000"/>
      <property id="config.bsp.fsp.mpu2_reg2_end" value="0x00000000"/>
      <property id="config.bsp.fsp.mpu2_read_reg3" value="config.bsp.fsp.mpu2_read_reg3.disabled"/>
      <property id="config.bsp.fsp.mpu2_write_reg3" value="config.bsp.fsp.mpu2_write_reg3.disabled"/>
      <property id="config.bsp.fsp.mpu2_reg3_start" value="0x00000000"/>
      <property id="config.bsp.fsp.mpu2_reg3_end" value="0x00000000"/>
      <property id="config.bsp.fsp.mpu2_read_reg4" value="config.bsp.fsp.mpu2_read_reg4.disabled"/>
      <property id="config.bsp.fsp.mpu2_write_reg4" value="config.bsp.fsp.mpu2_write_reg4.disabled"/>
      <property id="config.bsp.fsp.mpu2_reg4_start" value="0x00000000"/>
      <property id="config.bsp.fsp.mpu2_reg4_end" value="0x00000000"/>
      <property id="config.bsp.fsp.mpu2_read_reg5" value="config.bsp.fsp.mpu2_read_reg5.disabled"/>
      <property id="config.bsp.fsp.mpu2_write_reg5" value="config.bsp.fsp.mpu2_write_reg5.disabled"/>
      <property id="config.bsp.fsp.mpu2_reg5_start" value="0x00000000"/>
      <property id="config.bsp.fsp.mpu2_reg5_end" value="0x00000000"/>
      <property id="config.bsp.fsp.mpu2_read_reg6" value="config.bsp.fsp.mpu2_read_reg6.disabled"/>
      <property id="config.bsp.fsp.mpu2_write_reg6" value="config.bsp.fsp.mpu2_write_reg6.disabled"/>
      <property id="config.bsp.fsp.mpu2_reg6_start" value="0x00000000"/>
      <property id="config.bsp.fsp.mpu2_reg6_end" value="0x00000000"/>
      <property id="config.bsp.fsp.mpu2_read_reg7" value="config.bsp.fsp.mpu2_read_reg7.disabled"/>
      <property id="config.bsp.fsp.mpu2_write_reg7" value="config.bsp.fsp.mpu2_write_reg7.disabled"/>
      <property id="config.bsp.fsp.mpu2_reg7_start" value="0x00000000"/>
      <property id="config.bsp.fsp.mpu2_reg7_end" value="0x00000000"/>
      <property id="config.bsp.fsp.mpu3_read_reg0" value="config.bsp.fsp.mpu3_read_reg0.disabled"/>
      <property id="config.bsp.fsp.mpu3_write_reg0" value="config.bsp.fsp.mpu3_write_reg0.disabled"/>
      <property id="config.bsp.fsp.mpu3_reg0_start" value="0x00000000"/>
      <property id="config.bsp.fsp.mpu3_reg0_end" value="0x00000000"/>
      <property id="config.bsp.fsp.mpu3_read_reg1" value="config.bsp.fsp.mpu3_read_reg1.disabled"/>
      <property id="config.bsp.fsp.mpu3_write_reg1" value="config.bsp.fsp.mpu3_write_reg1.disabled"/>
      <property id="config.bsp.fsp.mpu3_reg1_start" value="0x00000000"/>
      <property id="config.bsp.fsp.mpu3_reg1_end" value="0x00000000"/>
      <property id="config.bsp.fsp.mpu3_read_reg2" value="config.bsp.fsp.mpu3_read_reg2.disabled"/>
      <property id="config.bsp.fsp.mpu3_write_reg2" value="config.bsp.fsp.mpu3_write_reg2.disabled"/>
      <property id="config.bsp.fsp.mpu3_reg2_start" value="0x00000000"/>
      <property id="config.bsp.fsp.mpu3_reg2_end" value="0x00000000"/>
      <property id="config.bsp.fsp.mpu3_read_reg3" value="config.bsp.fsp.mpu3_read_reg3.disabled"/>
      <property id="config.bsp.fsp.mpu3_write_reg3" value="config.bsp.fsp.mpu3_write_reg3.disabled"/>
      <property id="config.bsp.fsp.mpu3_reg3_start" value="0x00000000"/>
      <property id="config.bsp.fsp.mpu3_reg3_end" value="0x00000000"/>
      <property id="config.bsp.fsp.mpu3_read_reg4" value="config.bsp.fsp.mpu3_read_reg4.disabled"/>
      <property id="config.bsp.fsp.mpu3_write_reg4" value="config.bsp.fsp.mpu3_write_reg4.disabled"/>
      <property id="config.bsp.fsp.mpu3_reg4_start" value="0x00000000"/>
      <property id="config.bsp.fsp.mpu3_reg4_end" value="0x00000000"/>
      <property id="config.bsp.fsp.mpu3_read_reg5" value="config.bsp.fsp.mpu3_read_reg5.disabled"/>
      <property id="config.bsp.fsp.mpu3_write_reg5" value="config.bsp.fsp.mpu3_write_reg5.disabled"/>
      <property id="config.bsp.fsp.mpu3_reg5_start" value="0x00000000"/>
      <property id="config.bsp.fsp.mpu3_reg5_end" value="0x00000000"/>
      <property id="config.bsp.fsp.mpu3_read_reg6" value="config.bsp.fsp.mpu3_read_reg6.disabled"/>
      <property id="config.bsp.fsp.mpu3_write_reg6" value="config.bsp.fsp.mpu3_write_reg6.disabled"/>
      <property id="config.bsp.fsp.mpu3_reg6_start" value="0x00000000"/>
      <property id="config.bsp.fsp.mpu3_reg6_end" value="0x00000000"/>
      <property id="config.bsp.fsp.mpu3_read_reg7" value="config.bsp.fsp.mpu3_read_reg7.disabled"/>
      <property id="config.bsp.fsp.mpu3_write_reg7" value="config.bsp.fsp.mpu3_write_reg7.disabled"/>
      <property id="config.bsp.fsp.mpu3_reg7_start" value="0x00000000"/>
      <property id="config.bsp.fsp.mpu3_reg7_end" value="0x00000000"/>
      <property id="config.bsp.fsp.mpu4_read_reg0" value="config.bsp.fsp.mpu4_read_reg0.disabled"/>
      <property id="config.bsp.fsp.mpu4_write_reg0" value="config.bsp.fsp.mpu4_write_reg0.disabled"/>
      <property id="config.bsp.fsp.mpu4_reg0_start" value="0x00000000"/>
      <property id="config.bsp.fsp.mpu4_reg0_end" value="0x00000000"/>
      <property id="config.bsp.fsp.mpu4_read_reg1" value="config.bsp.fsp.mpu4_read_reg1.disabled"/>
      <property id="config.bsp.fsp.mpu4_write_reg1" value="config.bsp.fsp.mpu4_write_reg1.disabled"/>
      <property id="config.bsp.fsp.mpu4_reg1_start" value="0x00000000"/>
      <property id="config.bsp.fsp.mpu4_reg1_end" value="0x00000000"/>
      <property id="config.bsp.fsp.mpu4_read_reg2" value="config.bsp.fsp.mpu4_read_reg2.disabled"/>
      <property id="config.bsp.fsp.mpu4_write_reg2" value="config.bsp.fsp.mpu4_write_reg2.disabled"/>
      <property id="config.bsp.fsp.mpu4_reg2_start" value="0x00000000"/>
      <property id="config.bsp.fsp.mpu4_reg2_end" value="0x00000000"/>
      <property id="config.bsp.fsp.mpu4_read_reg3" value="config.bsp.fsp.mpu4_read_reg3.disabled"/>
      <property id="config.bsp.fsp.mpu4_write_reg3" value="config.bsp.fsp.mpu4_write_reg3.disabled"/>
      <property id="config.bsp.fsp.mpu4_reg3_start" value="0x00000000"/>
      <property id="config.bsp.fsp.mpu4_reg3_end" value="0x00000000"/>
      <property id="config.bsp.fsp.mpu4_read_reg4" value="config.bsp.fsp.mpu4_read_reg4.disabled"/>
      <property id="config.bsp.fsp.mpu4_write_reg4" value="config.bsp.fsp.mpu4_write_reg4.disabled"/>
      <property id="config.bsp.fsp.mpu4_reg4_start" value="0x00000000"/>
      <property id="config.bsp.fsp.mpu4_reg4_end" value="0x00000000"/>
      <property id="config.bsp.fsp.mpu4_read_reg5" value="config.bsp.fsp.mpu4_read_reg5.disabled"/>
      <property id="config.bsp.fsp.mpu4_write_reg5" value="config.bsp.fsp.mpu4_write_reg5.disabled"/>
      <property id="config.bsp.fsp.mpu4_reg5_start" value="0x00000000"/>
      <property id="config.bsp.fsp.mpu4_reg5_end" value="0x00000000"/>
      <property id="config.bsp.fsp.mpu4_read_reg6" value="config.bsp.fsp.mpu4_read_reg6.disabled"/>
      <property id="config.bsp.fsp.mpu4_write_reg6" value="config.bsp.fsp.mpu4_write_reg6.disabled"/>
      <property id="config.bsp.fsp.mpu4_reg6_start" value="0x00000000"/>
      <property id="config.bsp.fsp.mpu4_reg6_end" value="0x00000000"/>
      <property id="config.bsp.fsp.mpu4_read_reg7" value="config.bsp.fsp.mpu4_read_reg7.disabled"/>
      <property id="config.bsp.fsp.mpu4_write_reg7" value="config.bsp.fsp.mpu4_write_reg7.disabled"/>
      <property id="config.bsp.fsp.mpu4_reg7_start" value="0x00000000"/>
      <property id="config.bsp.fsp.mpu4_reg7_end" value="0x00000000"/>
      <property id="config.bsp.fsp.mpu6_read_reg0" value="config.bsp.fsp.mpu6_read_reg0.disabled"/>
      <property id="config.bsp.fsp.mpu6_write_reg0" value="config.bsp.fsp.mpu6_write_reg0.disabled"/>
      <property id="config.bsp.fsp.mpu6_reg0_start" value="0x00000000"/>
      <property id="config.bsp.fsp.mpu6_reg0_end" value="0x00000000"/>
      <property id="config.bsp.fsp.mpu6_read_reg1" value="config.bsp.fsp.mpu6_read_reg1.disabled"/>
      <property id="config.bsp.fsp.mpu6_write_reg1" value="config.bsp.fsp.mpu6_write_reg1.disabled"/>
      <property id="config.bsp.fsp.mpu6_reg1_start" value="0x00000000"/>
      <property id="config.bsp.fsp.mpu6_reg1_end" value="0x00000000"/>
      <property id="config.bsp.fsp.mpu6_read_reg2" value="config.bsp.fsp.mpu6_read_reg2.disabled"/>
      <property id="config.bsp.fsp.mpu6_write_reg2" value="config.bsp.fsp.mpu6_write_reg2.disabled"/>
      <property id="config.bsp.fsp.mpu6_reg2_start" value="0x00000000"/>
      <property id="config.bsp.fsp.mpu6_reg2_end" value="0x00000000"/>
      <property id="config.bsp.fsp.mpu6_read_reg3" value="config.bsp.fsp.mpu6_read_reg3.disabled"/>
      <property id="config.bsp.fsp.mpu6_write_reg3" value="config.bsp.fsp.mpu6_write_reg3.disabled"/>
      <property id="config.bsp.fsp.mpu6_reg3_start" value="0x00000000"/>
      <property id="config.bsp.fsp.mpu6_reg3_end" value="0x00000000"/>
      <property id="config.bsp.fsp.mpu6_read_reg4" value="config.bsp.fsp.mpu6_read_reg4.disabled"/>
      <property id="config.bsp.fsp.mpu6_write_reg4" value="config.bsp.fsp.mpu6_write_reg4.disabled"/>
      <property id="config.bsp.fsp.mpu6_reg4_start" value="0x00000000"/>
      <property id="config.bsp.fsp.mpu6_reg4_end" value="0x00000000"/>
      <property id="config.bsp.fsp.mpu6_read_reg5" value="config.bsp.fsp.mpu6_read_reg5.disabled"/>
      <property id="config.bsp.fsp.mpu6_write_reg5" value="config.bsp.fsp.mpu6_write_reg5.disabled"/>
      <property id="config.bsp.fsp.mpu6_reg5_start" value="0x00000000"/>
      <property id="config.bsp.fsp.mpu6_reg5_end" value="0x00000000"/>
      <property id="config.bsp.fsp.mpu6_read_reg6" value="config.bsp.fsp.mpu6_read_reg6.disabled"/>
      <property id="config.bsp.fsp.mpu6_write_reg6" value="config.bsp.fsp.mpu6_write_reg6.disabled"/>
      <property id="config.bsp.fsp.mpu6_reg6_start" value="0x00000000"/>
      <property id="config.bsp.fsp.mpu6_reg6_end" value="0x00000000"/>
      <property id="config.bsp.fsp.mpu6_read_reg7" value="config.bsp.fsp.mpu6_read_reg7.disabled"/>
      <property id="config.bsp.fsp.mpu6_write_reg7" value="config.bsp.fsp.mpu6_write_reg7.disabled"/>
      <property id="config.bsp.fsp.mpu6_reg7_start" value="0x00000000"/>
      <property id="config.bsp.fsp.mpu6_reg7_end" value="0x00000000"/>
      <property id="config.bsp.fsp.mpu7_read_reg0" value="config.bsp.fsp.mpu7_read_reg0.disabled"/>
      <property id="config.bsp.fsp.mpu7_write_reg0" value="config.bsp.fsp.mpu7_write_reg0.disabled"/>
      <property id="config.bsp.fsp.mpu7_reg0_start" value="0x00000000"/>
      <property id="config.bsp.fsp.mpu7_reg0_end" value="0x00000000"/>
      <property id="config.bsp.fsp.mpu7_read_reg1" value="config.bsp.fsp.mpu7_read_reg1.disabled"/>
      <property id="config.bsp.fsp.mpu7_write_reg1" value="config.bsp.fsp.mpu7_write_reg1.disabled"/>
      <property id="config.bsp.fsp.mpu7_reg1_start" value="0x00000000"/>
      <property id="config.bsp.fsp.mpu7_reg1_end" value="0x00000000"/>
      <property id="config.bsp.fsp.mpu7_read_reg2" value="config.bsp.fsp.mpu7_read_reg2.disabled"/>
      <property id="config.bsp.fsp.mpu7_write_reg2" value="config.bsp.fsp.mpu7_write_reg2.disabled"/>
      <property id="config.bsp.fsp.mpu7_reg2_start" value="0x00000000"/>
      <property id="config.bsp.fsp.mpu7_reg2_end" value="0x00000000"/>
      <property id="config.bsp.fsp.mpu7_read_reg3" value="config.bsp.fsp.mpu7_read_reg3.disabled"/>
      <property id="config.bsp.fsp.mpu7_write_reg3" value="config.bsp.fsp.mpu7_write_reg3.disabled"/>
      <property id="config.bsp.fsp.mpu7_reg3_start" value="0x00000000"/>
      <property id="config.bsp.fsp.mpu7_reg3_end" value="0x00000000"/>
      <property id="config.bsp.fsp.mpu7_read_reg4" value="config.bsp.fsp.mpu7_read_reg4.disabled"/>
      <property id="config.bsp.fsp.mpu7_write_reg4" value="config.bsp.fsp.mpu7_write_reg4.disabled"/>
      <property id="config.bsp.fsp.mpu7_reg4_start" value="0x00000000"/>
      <property id="config.bsp.fsp.mpu7_reg4_end" value="0x00000000"/>
      <property id="config.bsp.fsp.mpu7_read_reg5" value="config.bsp.fsp.mpu7_read_reg5.disabled"/>
      <property id="config.bsp.fsp.mpu7_write_reg5" value="config.bsp.fsp.mpu7_write_reg5.disabled"/>
      <property id="config.bsp.fsp.mpu7_reg5_start" value="0x00000000"/>
      <property id="config.bsp.fsp.mpu7_reg5_end" value="0x00000000"/>
      <property id="config.bsp.fsp.mpu7_read_reg6" value="config.bsp.fsp.mpu7_read_reg6.disabled"/>
      <property id="config.bsp.fsp.mpu7_write_reg6" value="config.bsp.fsp.mpu7_write_reg6.disabled"/>
      <property id="config.bsp.fsp.mpu7_reg6_start" value="0x00000000"/>
      <property id="config.bsp.fsp.mpu7_reg6_end" value="0x00000000"/>
      <property id="config.bsp.fsp.mpu7_read_reg7" value="config.bsp.fsp.mpu7_read_reg7.disabled"/>
      <property id="config.bsp.fsp.mpu7_write_reg7" value="config.bsp.fsp.mpu7_write_reg7.disabled"/>
      <property id="config.bsp.fsp.mpu7_reg7_start" value="0x00000000"/>
      <property id="config.bsp.fsp.mpu7_reg7_end" value="0x00000000"/>
    </config>
    <config id="config.bsp.rzt2l">
      <property id="config.bsp.common.fiq" value="0x1000"/>
      <property id="config.bsp.common.irq" value="0x1000"/>
      <property id="config.bsp.common.abt" value="0x1000"/>
      <property id="config.bsp.common.und" value="0x1000"/>
      <property id="config.bsp.common.sys" value="0x1000"/>
      <property id="config.bsp.common.svc" value="0x1000"/>
      <property id="config.bsp.common.heap" value="0x8000"/>
      <property id="config.bsp.common.c_runtime_init" value="config.bsp.common.c_runtime_init.enabled"/>
      <property id="config.bsp.common.tfu_mathlib" value="config.bsp.common.tfu_mathlib.enabled"/>
    </config>
    <config id="config.bsp.rzt2l.fsp">
      <property id="config.bsp.fsp.mcu.sci_uart.max_baud" value="16000000"/>
      <property id="config.bsp.fsp.mcu.sci_spi.max_bitrate" value="37500000"/>
      <property id="config.bsp.fsp.mcu.spi.max_bitrate" value="50000000"/>
      <property id="config.bsp.fsp.mcu.adc.sample_and_hold" value="1"/>
    </config>
    <config id="config.bsp.rz">
      <property id="config.bsp.common.vcc" value="3300"/>
      <property id="config.bsp.common.checking" value="config.bsp.common.checking.disabled"/>
      <property id="config.bsp.common.assert" value="config.bsp.common.assert.none"/>
      <property id="config.bsp.common.error_log" value="config.bsp.common.error_log.none"/>
      <property id="config.bsp.common.soft_reset" value="config.bsp.common.soft_reset.disabled"/>
      <property id="config.bsp.common.port_protect" value="config.bsp.common.port_protect.enabled"/>
      <property id="config.bsp.common.early_init" value="config.bsp.common.early_init.disabled"/>
    </config>
  </raBspConfiguration>
  <raClockConfiguration>
    <node id="board.clock.main.freq" option="board.clock.main.freq.25m"/>
    <node id="board.clock.loco.enable" option="board.clock.loco.enable.enabled"/>
    <node id="board.clock.pll0.display" option="board.clock.pll0.display.value"/>
    <node id="board.clock.pll1" option="board.clock.pll1.initial"/>
    <node id="board.clock.pll1.display" option="board.clock.pll1.display.value"/>
    <node id="board.clock.ethernet.source" option="board.clock.ethernet.source.pll1"/>
    <node id="board.clock.reference.display" option="board.clock.reference.display.value"/>
    <node id="board.clock.loco.freq" option="board.clock.loco.freq.240k"/>
    <node id="board.clock.clma0.enable" option="board.clock.clma0.enable.enabled"/>
    <node id="board.clock.clma0.error" option="board.clock.clma0.error.not_mask"/>
    <node id="board.clock.clma3.error" option="board.clock.clma3.error.not_mask"/>
    <node id="board.clock.clma1.error" option="board.clock.clma1.error.mask"/>
    <node id="board.clock.clma3.enable" option="board.clock.clma3.enable.enabled"/>
    <node id="board.clock.clma1.enable" option="board.clock.clma1.enable.enabled"/>
    <node id="board.clock.clma2.enable" option="board.clock.clma2.enable.enabled"/>
    <node id="board.clock.clma0.cmpl" mul="1" option="_edit"/>
    <node id="board.clock.clma1.cmpl" mul="1" option="_edit"/>
    <node id="board.clock.clma2.cmpl" mul="1" option="_edit"/>
    <node id="board.clock.clma3.cmpl" mul="1" option="_edit"/>
    <node id="board.clock.alternative.source" option="board.clock.alternative.source.loco"/>
    <node id="board.clock.clma0.cmph" mul="1023" option="_edit"/>
    <node id="board.clock.clma1.cmph" mul="1023" option="_edit"/>
    <node id="board.clock.clma2.cmph" mul="1023" option="_edit"/>
    <node id="board.clock.clma3.cmph" mul="1023" option="_edit"/>
    <node id="board.clock.iclk.freq" option="board.clock.iclk.freq.200m"/>
    <node id="board.clock.sci0asyncclk.sel" option="board.clock.sci0asyncclk.sel.1"/>
    <node id="board.clock.sci1asyncclk.sel" option="board.clock.sci1asyncclk.sel.1"/>
    <node id="board.clock.sci2asyncclk.sel" option="board.clock.sci2asyncclk.sel.1"/>
    <node id="board.clock.sci3asyncclk.sel" option="board.clock.sci3asyncclk.sel.1"/>
    <node id="board.clock.sci4asyncclk.sel" option="board.clock.sci4asyncclk.sel.1"/>
    <node id="board.clock.sci5asyncclk.sel" option="board.clock.sci5asyncclk.sel.1"/>
    <node id="board.clock.spi0asyncclk.sel" option="board.clock.spi0asyncclk.sel.1"/>
    <node id="board.clock.spi1asyncclk.sel" option="board.clock.spi1asyncclk.sel.1"/>
    <node id="board.clock.spi2asyncclk.sel" option="board.clock.spi2asyncclk.sel.1"/>
    <node id="board.clock.spi3asyncclk.sel" option="board.clock.spi3asyncclk.sel.1"/>
    <node id="board.clock.pclkgptl.display" option="board.clock.pclkgptl.display.value"/>
    <node id="board.clock.pclkh.display" option="board.clock.pclkh.display.value"/>
    <node id="board.clock.pclkm.display" option="board.clock.pclkm.display.value"/>
    <node id="board.clock.pclkl.display" option="board.clock.pclkl.display.value"/>
    <node id="board.clock.pclkadc.display" option="board.clock.pclkadc.display.value"/>
    <node id="board.clock.cpu0clk.mul" option="board.clock.cpu0clk.mul.1"/>
    <node id="board.clock.cpu0clk.display" option="board.clock.cpu0clk.display.value"/>
    <node id="board.clock.ckio.div" option="board.clock.ckio.div.4"/>
    <node id="board.clock.ckio.display" option="board.clock.ckio.display.value"/>
    <node id="board.clock.pclkcan.freq" option="board.clock.pclkcan.freq.40m"/>
    <node id="board.clock.xspi.clk0.freq" option="board.clock.xspi.clk0.freq.12m"/>
    <node id="board.clock.xspi.clk1.freq" option="board.clock.xspi.clk1.freq.12m"/>
    <node id="board.clock.tclk.freq" option="board.clock.tclk.freq.100m"/>
  </raClockConfiguration>
  <raComponentSelection>
    <component apiversion="" class="Common" condition="" group="all" subgroup="fsp_common" variant="" vendor="Renesas" version="1.3.0">
      <description>Board Support Package Common Files</description>
      <originalPack>Renesas.RZT.1.3.0.pack</originalPack>
    </component>
    <component apiversion="" class="HAL Drivers" condition="" group="all" subgroup="r_ioport" variant="" vendor="Renesas" version="1.3.0">
      <description>I/O Port</description>
      <originalPack>Renesas.RZT.1.3.0.pack</originalPack>
    </component>
    <component apiversion="" class="CMSIS" condition="" group="CMSIS5" subgroup="CoreR" variant="" vendor="Arm" version="5.7.0+renesas.1">
      <description>Arm CMSIS Version 5 - Core (R)</description>
      <originalPack>Arm.CMSIS5.5.7.0+renesas.1.pack</originalPack>
    </component>
    <component apiversion="" class="BSP" condition="" group="rzt2l" subgroup="device" variant="R9A07G074M08GBG" vendor="Renesas" version="1.3.0">
      <description>Board support package for R9A07G074M08GBG</description>
      <originalPack>Renesas.RZT_mcu_rzt2l.1.3.0.pack</originalPack>
    </component>
    <component apiversion="" class="BSP" condition="" group="rzt2l" subgroup="device" variant="" vendor="Renesas" version="1.3.0">
      <description>Board support package for RZT2L</description>
      <originalPack>Renesas.RZT_mcu_rzt2l.1.3.0.pack</originalPack>
    </component>
    <component apiversion="" class="BSP" condition="" group="rzt2l" subgroup="fsp" variant="" vendor="Renesas" version="1.3.0">
      <description>Board support package for RZT2L - FSP Data</description>
      <originalPack>Renesas.RZT_mcu_rzt2l.1.3.0.pack</originalPack>
    </component>
    <component apiversion="" class="BSP" condition="" group="Board" subgroup="rzt2m_custom" variant="ram_execution" vendor="Renesas" version="1.3.0">
      <description>RZT Custom Board Support Files (RAM execution without flash memory)</description>
      <originalPack>Renesas.RZT_board_custom.1.3.0.pack</originalPack>
    </component>
  </raComponentSelection>
  <raIcuConfiguration/>
  <raMessagingConfiguration/>
  <raModuleConfiguration>
    <module id="module.driver.ioport_on_ioport.0">
      <property id="module.driver.ioport.name" value="g_ioport"/>
    </module>
    <context id="_hal.0">
      <stack module="module.driver.ioport_on_ioport.0"/>
    </context>
  </raModuleConfiguration>
  <raPinConfiguration>
    <pincfg active="true" name="R9A07G074M08GBG.pincfg" symbol="g_bsp_pin_cfg">
      <configSetting altId="p02_4.gpio_mode.gpio_mode_peripheral" configurationId="p02_4.gpio_mode"/>
      <configSetting altId="p02_4.gpio_speed.gpio_speed_high" configurationId="p02_4.gpio_drivecapacity"/>
      <configSetting altId="p02_4.sr.sr.fast" configurationId="p02_4.sr"/>
      <configSetting altId="p02_4.jtag_fslash_swd.tdo" configurationId="p02_4"/>
      <configSetting altId="p02_5.gpio_mode.gpio_mode_peripheral" configurationId="p02_5.gpio_mode"/>
      <configSetting altId="p02_5.jtag_fslash_swd.tdi" configurationId="p02_5"/>
      <configSetting altId="p02_6.gpio_mode.gpio_mode_peripheral" configurationId="p02_6.gpio_mode"/>
      <configSetting altId="p02_6.gpio_speed.gpio_speed_high" configurationId="p02_6.gpio_drivecapacity"/>
      <configSetting altId="p02_6.sr.sr.fast" configurationId="p02_6.sr"/>
      <configSetting altId="p02_6.jtag_fslash_swd.tms_swdio" configurationId="p02_6"/>
      <configSetting altId="p02_7.gpio_mode.gpio_mode_peripheral" configurationId="p02_7.gpio_mode"/>
      <configSetting altId="p02_7.jtag_fslash_swd.tck_swclk" configurationId="p02_7"/>
      <configSetting altId="jtag_fslash_swd.mode.jtag.free" configurationId="jtag_fslash_swd.mode"/>
      <configSetting altId="jtag_fslash_swd.tck_swclk.p02_7" configurationId="jtag_fslash_swd.tck_swclk"/>
      <configSetting altId="jtag_fslash_swd.tdi.p02_5" configurationId="jtag_fslash_swd.tdi"/>
      <configSetting altId="jtag_fslash_swd.tdo.p02_4" configurationId="jtag_fslash_swd.tdo"/>
      <configSetting altId="jtag_fslash_swd.tms_swdio.p02_6" configurationId="jtag_fslash_swd.tms_swdio"/>
    </pincfg>
  </raPinConfiguration>
</raConfiguration>
