<?xml version="1.0" encoding="UTF-8" standalone="no"?>
<project>
	<configuration id="com.renesas.cdt.managedbuild.renesas.ccrx.hardwaredebug.configuration.1105281057" name="HardwareDebug">
		<extension point="org.eclipse.cdt.core.LanguageSettingsProvider">
			<provider copy-of="extension" id="org.eclipse.cdt.ui.UserLanguageSettingsProvider"/>
			<provider-reference id="com.renesas.cdt.managedbuild.renesas.ccrx.renesasTcBuiltinLanguageSettings" ref="shared-provider"/>
			<provider class="com.renesas.cdt.managedbuild.renesas.ccrx.internal.RenesasCCRXBuiltinSpecsDetector" console="false" env-hash="-860495266447967606" id="com.renesas.cdt.managedbuild.renesas.renesasCCRXBuildinCompilerSettings" keep-relative-paths="false" name="Renesas Toolchain Builtin Compiler Settings CC-RX" parameter="${COMMAND} ${toolchain_flags} ${FLAGS}" prefer-non-shared="true">
				<language-scope id="org.eclipse.cdt.core.gcc"/>
				<language-scope id="org.eclipse.cdt.core.g++"/>
			</provider>
			<provider-reference id="org.eclipse.cdt.managedbuilder.core.MBSLanguageSettingsProvider" ref="shared-provider"/>
		</extension>
	</configuration>
	<configuration id="com.renesas.cdt.managedbuild.renesas.ccrx.debug.configuration.2146674847" name="Debug">
		<extension point="org.eclipse.cdt.core.LanguageSettingsProvider">
			<provider copy-of="extension" id="org.eclipse.cdt.ui.UserLanguageSettingsProvider"/>
			<provider-reference id="com.renesas.cdt.managedbuild.renesas.ccrx.renesasTcBuiltinLanguageSettings" ref="shared-provider"/>
			<provider class="com.renesas.cdt.managedbuild.renesas.ccrx.internal.RenesasCCRXBuiltinSpecsDetector" console="false" env-hash="1293096909121271378" id="com.renesas.cdt.managedbuild.renesas.renesasCCRXBuildinCompilerSettings" keep-relative-paths="false" name="Renesas Toolchain Builtin Compiler Settings CC-RX" parameter="${COMMAND} ${toolchain_flags} ${FLAGS}" prefer-non-shared="true">
				<language-scope id="org.eclipse.cdt.core.gcc"/>
				<language-scope id="org.eclipse.cdt.core.g++"/>
			</provider>
			<provider-reference id="org.eclipse.cdt.managedbuilder.core.MBSLanguageSettingsProvider" ref="shared-provider"/>
		</extension>
	</configuration>
	<configuration id="com.renesas.cdt.managedbuild.renesas.ccrx.release.configuration.1902895112" name="Release">
		<extension point="org.eclipse.cdt.core.LanguageSettingsProvider">
			<provider copy-of="extension" id="org.eclipse.cdt.ui.UserLanguageSettingsProvider"/>
			<provider-reference id="com.renesas.cdt.managedbuild.renesas.ccrx.renesasTcBuiltinLanguageSettings" ref="shared-provider"/>
			<provider class="com.renesas.cdt.managedbuild.renesas.ccrx.internal.RenesasCCRXBuiltinSpecsDetector" console="false" env-hash="1293096909121271378" id="com.renesas.cdt.managedbuild.renesas.renesasCCRXBuildinCompilerSettings" keep-relative-paths="false" name="Renesas Toolchain Builtin Compiler Settings CC-RX" parameter="${COMMAND} ${toolchain_flags} ${FLAGS}" prefer-non-shared="true">
				<language-scope id="org.eclipse.cdt.core.gcc"/>
				<language-scope id="org.eclipse.cdt.core.g++"/>
			</provider>
			<provider-reference id="org.eclipse.cdt.managedbuilder.core.MBSLanguageSettingsProvider" ref="shared-provider"/>
		</extension>
	</configuration>
</project>