<?xml version="1.0" encoding="UTF-8" standalone="no"?>
<project>
	<configuration id="com.renesas.cdt.managedbuild.llvm.rl78.configuration.debug.2121540410" name="HardwareDebug">
		<extension point="org.eclipse.cdt.core.LanguageSettingsProvider">
			<provider copy-of="extension" id="org.eclipse.cdt.ui.UserLanguageSettingsProvider"/>
			<provider class="org.eclipse.cdt.managedbuilder.language.settings.providers.GCCBuiltinSpecsDetector" console="false" env-hash="712571121338697057" id="com.renesas.cdt.managedbuild.llvm.rl78.ui.languageprovider" keep-relative-paths="false" name="LLVM RL78 Toolchain Builtin Language Settings" parameter="${COMMAND} ${toolchain_flags} ${FLAGS} -E -P -v -dD &quot;${INPUTS}&quot;" prefer-non-shared="true">
				<language-scope id="org.eclipse.cdt.core.gcc"/>
				<language-scope id="org.eclipse.cdt.core.g++"/>
			</provider>
			<provider-reference id="com.renesas.cdt.managedbuild.llvm.rl78.ui.userlanguageprovider" ref="shared-provider"/>
			<provider-reference id="org.eclipse.cdt.managedbuilder.core.MBSLanguageSettingsProvider" ref="shared-provider"/>
		</extension>
	</configuration>
	<configuration id="com.renesas.cdt.managedbuild.llvm.rl78.configuration.debug.1639382957" name="Debug">
		<extension point="org.eclipse.cdt.core.LanguageSettingsProvider">
			<provider copy-of="extension" id="org.eclipse.cdt.ui.UserLanguageSettingsProvider"/>
			<provider class="org.eclipse.cdt.managedbuilder.language.settings.providers.GCCBuiltinSpecsDetector" console="false" env-hash="-962261308718414525" id="com.renesas.cdt.managedbuild.llvm.rl78.ui.languageprovider" keep-relative-paths="false" name="LLVM RL78 Toolchain Builtin Language Settings" parameter="${COMMAND} ${toolchain_flags} ${FLAGS} -E -P -v -dD &quot;${INPUTS}&quot;" prefer-non-shared="true">
				<language-scope id="org.eclipse.cdt.core.gcc"/>
				<language-scope id="org.eclipse.cdt.core.g++"/>
			</provider>
			<provider-reference id="com.renesas.cdt.managedbuild.llvm.rl78.ui.userlanguageprovider" ref="shared-provider"/>
			<provider-reference id="org.eclipse.cdt.managedbuilder.core.MBSLanguageSettingsProvider" ref="shared-provider"/>
		</extension>
	</configuration>
	<configuration id="com.renesas.cdt.managedbuild.llvm.rl78.configuration.release.931969692" name="Release">
		<extension point="org.eclipse.cdt.core.LanguageSettingsProvider">
			<provider copy-of="extension" id="org.eclipse.cdt.ui.UserLanguageSettingsProvider"/>
			<provider class="org.eclipse.cdt.managedbuilder.language.settings.providers.GCCBuiltinSpecsDetector" console="false" env-hash="-962261308718414525" id="com.renesas.cdt.managedbuild.llvm.rl78.ui.languageprovider" keep-relative-paths="false" name="LLVM RL78 Toolchain Builtin Language Settings" parameter="${COMMAND} ${toolchain_flags} ${FLAGS} -E -P -v -dD &quot;${INPUTS}&quot;" prefer-non-shared="true">
				<language-scope id="org.eclipse.cdt.core.gcc"/>
				<language-scope id="org.eclipse.cdt.core.g++"/>
			</provider>
			<provider-reference id="com.renesas.cdt.managedbuild.llvm.rl78.ui.userlanguageprovider" ref="shared-provider"/>
			<provider-reference id="org.eclipse.cdt.managedbuilder.core.MBSLanguageSettingsProvider" ref="shared-provider"/>
		</extension>
	</configuration>
</project>