<?xml version="1.0" encoding="UTF-8" standalone="no"?>
<raConfiguration version="3">
  <generalSettings>
    <option key="#pinconfiguration#" value="R7FA4M2AD3CFP.pincfg"/>
    <option key="#Board#" value="board.ra4m2ek"/>
    <option key="CPU" value="RA4M2"/>
    <option key="Core" value="CM33"/>
    <option key="#TargetName#" value="R7FA4M2AD3CFP"/>
    <option key="#TargetARCHITECTURE#" value="cortex-m33"/>
    <option key="#DeviceCommand#" value="R7FA4M2AD"/>
    <option key="#RTOS#" value="_none"/>
    <option key="#FSPVersion#" value="5.5.0"/>
    <option key="#SELECTED_TOOLCHAIN#" value="gcc-arm-embedded"/>
    <option key="#ToolchainVersion#" value="13.2.1.arm-13-7"/>
    <option key="#ConfigurationFragments#" value="Renesas##BSP##Board##ra4m2_ek##"/>
  </generalSettings>
  <raBspConfiguration>
    <config id="config.bsp.ra4m2.R7FA4M2AD3CFP">
      <property id="config.bsp.part_number" value="config.bsp.part_number.value"/>
      <property id="config.bsp.rom_size_bytes" value="config.bsp.rom_size_bytes.value"/>
      <property id="config.bsp.rom_size_bytes_hidden" value="524288"/>
      <property id="config.bsp.ram_size_bytes" value="config.bsp.ram_size_bytes.value"/>
      <property id="config.bsp.data_flash_size_bytes" value="config.bsp.data_flash_size_bytes.value"/>
      <property id="config.bsp.package_style" value="config.bsp.package_style.value"/>
      <property id="config.bsp.package_pins" value="config.bsp.package_pins.value"/>
      <property id="config.bsp.irq_count_hidden" value="96"/>
    </config>
    <config id="config.bsp.ra4m2">
      <property id="config.bsp.series" value="config.bsp.series.value"/>
    </config>
    <config id="config.bsp.ra4m2.fsp">
      <property id="config.bsp.fsp.inline_irq_functions" value="config.bsp.common.inline_irq_functions.enabled"/>
      <property id="config.bsp.fsp.tz.exception_response" value="config.bsp.fsp.tz.exception_response.nmi"/>
      <property id="config.bsp.fsp.tz.cmsis.bfhfnmins" value="config.bsp.fsp.tz.cmsis.bfhfnmins.secure"/>
      <property id="config.bsp.fsp.tz.cmsis.sysresetreqs" value="config.bsp.fsp.tz.cmsis.sysresetreqs.secure_only"/>
      <property id="config.bsp.fsp.tz.cmsis.s_priority_boost" value="config.bsp.fsp.tz.cmsis.s_priority_boost.disabled"/>
      <property id="config.bsp.fsp.tz.csar" value="config.bsp.fsp.tz.csar.both"/>
      <property id="config.bsp.fsp.tz.rstsar" value="config.bsp.fsp.tz.rstsar.both"/>
      <property id="config.bsp.fsp.tz.bbfsar" value="config.bsp.fsp.tz.bbfsar.both"/>
      <property id="config.bsp.fsp.tz.sramsar.sramprcr" value="config.bsp.fsp.tz.sramsar.sramprcr.both"/>
      <property id="config.bsp.fsp.tz.sramsar.sramecc" value="config.bsp.fsp.tz.sramsar.sramecc.both"/>
      <property id="config.bsp.fsp.tz.stbramsar" value="config.bsp.fsp.tz.stbramsar.both"/>
      <property id="config.bsp.fsp.tz.bussara" value="config.bsp.fsp.tz.bussara.both"/>
      <property id="config.bsp.fsp.tz.bussarb" value="config.bsp.fsp.tz.bussarb.both"/>
      <property id="config.bsp.fsp.tz.uninitialized_ns_application_fallback" value="config.bsp.fsp.tz.uninitialized_ns_application_fallback.enabled"/>
      <property id="config.bsp.fsp.cache_line_size" value="config.bsp.fsp.cache_line_size.32"/>
      <property id="config.bsp.fsp.OFS0.iwdt_start_mode" value="config.bsp.fsp.OFS0.iwdt_start_mode.disabled"/>
      <property id="config.bsp.fsp.OFS0.iwdt_timeout" value="config.bsp.fsp.OFS0.iwdt_timeout.2048"/>
      <property id="config.bsp.fsp.OFS0.iwdt_divisor" value="config.bsp.fsp.OFS0.iwdt_divisor.128"/>
      <property id="config.bsp.fsp.OFS0.iwdt_window_end" value="config.bsp.fsp.OFS0.iwdt_window_end.0"/>
      <property id="config.bsp.fsp.OFS0.iwdt_window_start" value="config.bsp.fsp.OFS0.iwdt_window_start.100"/>
      <property id="config.bsp.fsp.OFS0.iwdt_reset_interrupt" value="config.bsp.fsp.OFS0.iwdt_reset_interrupt.Reset"/>
      <property id="config.bsp.fsp.OFS0.iwdt_stop_control" value="config.bsp.fsp.OFS0.iwdt_stop_control.stops"/>
      <property id="config.bsp.fsp.OFS0.wdt_start_mode" value="config.bsp.fsp.OFS0.wdt_start_mode.register"/>
      <property id="config.bsp.fsp.OFS0.wdt_timeout" value="config.bsp.fsp.OFS0.wdt_timeout.16384"/>
      <property id="config.bsp.fsp.OFS0.wdt_divisor" value="config.bsp.fsp.OFS0.wdt_divisor.128"/>
      <property id="config.bsp.fsp.OFS0.wdt_window_end" value="config.bsp.fsp.OFS0.wdt_window_end.0"/>
      <property id="config.bsp.fsp.OFS0.wdt_window_start" value="config.bsp.fsp.OFS0.wdt_window_start.100"/>
      <property id="config.bsp.fsp.OFS0.wdt_reset_interrupt" value="config.bsp.fsp.OFS0.wdt_reset_interrupt.Reset"/>
      <property id="config.bsp.fsp.OFS0.wdt_stop_control" value="config.bsp.fsp.OFS0.wdt_stop_control.stops"/>
      <property id="config.bsp.fsp.OFS1_SEL.voltage_detection0_level" value="config.bsp.fsp.OFS1_SEL.voltage_detection0_level.secure"/>
      <property id="config.bsp.fsp.OFS1_SEL.voltage_detection0.start" value="config.bsp.fsp.OFS1_SEL.voltage_detection0.start.secure"/>
      <property id="config.bsp.fsp.OFS1.voltage_detection0.start" value="config.bsp.fsp.OFS1.voltage_detection0.start.disabled"/>
      <property id="config.bsp.fsp.OFS1.voltage_detection0_level" value="config.bsp.fsp.OFS1.voltage_detection0_level.280"/>
      <property id="config.bsp.fsp.OFS1.hoco_osc" value="config.bsp.fsp.OFS1.hoco_osc.disabled"/>
      <property id="config.bsp.fsp.BPS.BPS0" value="0U"/>
      <property id="config.bsp.fsp.PBPS.PBPS0" value="0U"/>
      <property id="config.bsp.fsp.hoco_fll" value="config.bsp.fsp.hoco_fll.disabled"/>
      <property id="config.bsp.common.main_osc_wait" value="config.bsp.common.main_osc_wait.wait_8163"/>
      <property id="config.bsp.fsp.mcu.adc.max_freq_hz" value="50000000"/>
      <property id="config.bsp.fsp.mcu.sci_uart.max_baud" value="16666666"/>
      <property id="config.bsp.fsp.mcu.adc.sample_and_hold" value="0"/>
      <property id="config.bsp.fsp.mcu.sci_spi.max_bitrate" value="25000000"/>
      <property id="config.bsp.fsp.mcu.spi.max_bitrate" value="50000000"/>
      <property id="config.bsp.fsp.mcu.iic_master.rate.rate_fastplus" value="1"/>
      <property id="config.bsp.fsp.mcu.iic_master.fastplus_channels" value="0x1"/>
      <property id="config.bsp.fsp.mcu.iic_slave.rate.rate_fastplus" value="1"/>
      <property id="config.bsp.fsp.mcu.iic_slave.fastplus_channels" value="0x1"/>
      <property id="config.bsp.fsp.mcu.sci_uart.cstpen_channels" value="0x0219"/>
      <property id="config.bsp.fsp.mcu.gpt.pin_count_source_channels" value="0xFFFF"/>
      <property id="config.bsp.fsp.mcu.adc_dmac.samples_per_channel" value="65535"/>
    </config>
    <config id="config.bsp.ra">
      <property id="config.bsp.common.main" value="0x400"/>
      <property id="config.bsp.common.heap" value="0"/>
      <property id="config.bsp.common.vcc" value="3300"/>
      <property id="config.bsp.common.checking" value="config.bsp.common.checking.disabled"/>
      <property id="config.bsp.common.assert" value="config.bsp.common.assert.none"/>
      <property id="config.bsp.common.error_log" value="config.bsp.common.error_log.none"/>
      <property id="config.bsp.common.soft_reset" value="config.bsp.common.soft_reset.disabled"/>
      <property id="config.bsp.common.main_osc_populated" value="config.bsp.common.main_osc_populated.enabled"/>
      <property id="config.bsp.common.pfs_protect" value="config.bsp.common.pfs_protect.enabled"/>
      <property id="config.bsp.common.c_runtime_init" value="config.bsp.common.c_runtime_init.enabled"/>
      <property id="config.bsp.common.early_init" value="config.bsp.common.early_init.disabled"/>
      <property id="config.bsp.common.main_osc_clock_source" value="config.bsp.common.main_osc_clock_source.crystal"/>
      <property id="config.bsp.common.subclock_populated" value="config.bsp.common.subclock_populated.enabled"/>
      <property id="config.bsp.common.subclock_drive" value="config.bsp.common.subclock_drive.standard"/>
      <property id="config.bsp.common.subclock_stabilization_ms" value="1000"/>
    </config>
  </raBspConfiguration>
  <raClockConfiguration>
    <node id="board.clock.xtal.freq" mul="24000000" option="_edit"/>
    <node id="board.clock.hoco.freq" option="board.clock.hoco.freq.20m"/>
    <node id="board.clock.loco.freq" option="board.clock.loco.freq.32768"/>
    <node id="board.clock.moco.freq" option="board.clock.moco.freq.8m"/>
    <node id="board.clock.subclk.freq" option="board.clock.subclk.freq.32768"/>
    <node id="board.clock.pll.source" option="board.clock.pll.source.xtal"/>
    <node id="board.clock.pll.div" option="board.clock.pll.div.3"/>
    <node id="board.clock.pll.mul" option="board.clock.pll.mul.250"/>
    <node id="board.clock.pll.display" option="board.clock.pll.display.value"/>
    <node id="board.clock.pll2.source" option="board.clock.pll2.source.disabled"/>
    <node id="board.clock.pll2.div" option="board.clock.pll2.div.2"/>
    <node id="board.clock.pll2.mul" option="board.clock.pll2.mul.200"/>
    <node id="board.clock.pll2.display" option="board.clock.pll2.display.value"/>
    <node id="board.clock.clock.source" option="board.clock.clock.source.pll"/>
    <node id="board.clock.clkout.source" option="board.clock.clkout.source.disabled"/>
    <node id="board.clock.uclk.source" option="board.clock.uclk.source.disabled"/>
    <node id="board.clock.iclk.div" option="board.clock.iclk.div.2"/>
    <node id="board.clock.pclka.div" option="board.clock.pclka.div.2"/>
    <node id="board.clock.pclkb.div" option="board.clock.pclkb.div.4"/>
    <node id="board.clock.pclkc.div" option="board.clock.pclkc.div.4"/>
    <node id="board.clock.pclkd.div" option="board.clock.pclkd.div.2"/>
    <node id="board.clock.fclk.div" option="board.clock.fclk.div.4"/>
    <node id="board.clock.clkout.div" option="board.clock.clkout.div.1"/>
    <node id="board.clock.uclk.div" option="board.clock.uclk.div.5"/>
    <node id="board.clock.iclk.display" option="board.clock.iclk.display.value"/>
    <node id="board.clock.pclka.display" option="board.clock.pclka.display.value"/>
    <node id="board.clock.pclkb.display" option="board.clock.pclkb.display.value"/>
    <node id="board.clock.pclkc.display" option="board.clock.pclkc.display.value"/>
    <node id="board.clock.pclkd.display" option="board.clock.pclkd.display.value"/>
    <node id="board.clock.fclk.display" option="board.clock.fclk.display.value"/>
    <node id="board.clock.clkout.display" option="board.clock.clkout.display.value"/>
    <node id="board.clock.uclk.display" option="board.clock.uclk.display.value"/>
  </raClockConfiguration>
  <raComponentSelection>
    <component apiversion="" class="Common" condition="" group="all" subgroup="fsp_common" variant="" vendor="Renesas" version="5.5.0">
      <description>Board Support Package Common Files</description>
      <originalPack>Renesas.RA.5.5.0.pack</originalPack>
    </component>
    <component apiversion="" class="HAL Drivers" condition="" group="all" subgroup="r_ioport" variant="" vendor="Renesas" version="5.5.0">
      <description>I/O Port</description>
      <originalPack>Renesas.RA.5.5.0.pack</originalPack>
    </component>
    <component apiversion="" class="CMSIS" condition="" group="CMSIS5" subgroup="CoreM" variant="" vendor="Arm" version="6.1.0+fsp.5.5.0">
      <description>Arm CMSIS Version 6 - Core (M)</description>
      <originalPack>Arm.CMSIS6.6.1.0+fsp.5.5.0.pack</originalPack>
    </component>
    <component apiversion="" class="BSP" condition="" group="ra4m2" subgroup="device" variant="R7FA4M2AD3CFP" vendor="Renesas" version="5.5.0">
      <description>Board support package for R7FA4M2AD3CFP</description>
      <originalPack>Renesas.RA_mcu_ra4m2.5.5.0.pack</originalPack>
    </component>
    <component apiversion="" class="BSP" condition="" group="ra4m2" subgroup="device" variant="" vendor="Renesas" version="5.5.0">
      <description>Board support package for RA4M2</description>
      <originalPack>Renesas.RA_mcu_ra4m2.5.5.0.pack</originalPack>
    </component>
    <component apiversion="" class="BSP" condition="" group="ra4m2" subgroup="fsp" variant="" vendor="Renesas" version="5.5.0">
      <description>Board support package for RA4M2 - FSP Data</description>
      <originalPack>Renesas.RA_mcu_ra4m2.5.5.0.pack</originalPack>
    </component>
    <component apiversion="" class="BSP" condition="" group="ra4m2" subgroup="events" variant="" vendor="Renesas" version="5.5.0">
      <description>Board support package for RA4M2 - Events</description>
      <originalPack>Renesas.RA_mcu_ra4m2.5.5.0.pack</originalPack>
    </component>
    <component apiversion="" class="BSP" condition="" group="Board" subgroup="ra4m2_ek" variant="" vendor="Renesas" version="5.5.0">
      <description>RA4M2-EK Board Support Files</description>
      <originalPack>Renesas.RA_board_ra4m2_ek.5.5.0.pack</originalPack>
    </component>
  </raComponentSelection>
  <raIcuConfiguration/>
  <raMessagingConfiguration/>
  <raModuleConfiguration>
    <module id="module.driver.ioport_on_ioport.0">
      <property id="module.driver.ioport.name" value="g_ioport"/>
    </module>
    <context id="_hal.0">
      <stack module="module.driver.ioport_on_ioport.0"/>
    </context>
  </raModuleConfiguration>
  <raPinConfiguration>
    <symbolicName propertyId="p000.symbolic_name" value="ARDUINO_A0_MIKROBUS_AN"/>
    <symbolicName propertyId="p001.symbolic_name" value="ARDUINO_A1"/>
    <symbolicName propertyId="p002.symbolic_name" value="GROVE2_AN1"/>
    <symbolicName propertyId="p003.symbolic_name" value="ARDUINO_A2"/>
    <symbolicName propertyId="p004.symbolic_name" value="GROVE2_AN2"/>
    <symbolicName propertyId="p005.symbolic_name" value="SW1"/>
    <symbolicName propertyId="p006.symbolic_name" value="SW2"/>
    <symbolicName propertyId="p007.symbolic_name" value="ARDUINO_A3"/>
    <symbolicName propertyId="p008.symbolic_name" value="PMOD1_INT"/>
    <symbolicName propertyId="p014.symbolic_name" value="ARDUINO_A4"/>
    <symbolicName propertyId="p015.symbolic_name" value="ARDUINO_A5"/>
    <symbolicName propertyId="p100.symbolic_name" value="ARDUINO_RX_MIKROBUS_RX"/>
    <symbolicName propertyId="p101.symbolic_name" value="ARDUINO_TX_MIKROBUS_TX"/>
    <symbolicName propertyId="p102.symbolic_name" value="ARDUINO_D8"/>
    <symbolicName propertyId="p103.symbolic_name" value="ARDUINO_D6"/>
    <symbolicName propertyId="p104.symbolic_name" value="QSPI_IO2"/>
    <symbolicName propertyId="p105.symbolic_name" value="ARDUINO_D3"/>
    <symbolicName propertyId="p106.symbolic_name" value="ARDUINO_D4"/>
    <symbolicName propertyId="p107.symbolic_name" value="ARDUINO_D7"/>
    <symbolicName propertyId="p111.symbolic_name" value="ARDUINO_D5_MIKROBUS_PWM"/>
    <symbolicName propertyId="p112.symbolic_name" value="ARDUINO_SDA_MIKROBUS_SDA"/>
    <symbolicName propertyId="p113.symbolic_name" value="ARDUINO_SCL_MIKROBUS_SCL"/>
    <symbolicName propertyId="p114.symbolic_name" value="ARDUINO_D9"/>
    <symbolicName propertyId="p115.symbolic_name" value="ARDUINO_RST_MIKROBUS_RST"/>
    <symbolicName propertyId="p206.symbolic_name" value="PMOD1_MISO"/>
    <symbolicName propertyId="p207.symbolic_name" value="PMOD1_MOSI"/>
    <symbolicName propertyId="p304.symbolic_name" value="ARDUINO_D2"/>
    <symbolicName propertyId="p305.symbolic_name" value="QSPI_CLK"/>
    <symbolicName propertyId="p306.symbolic_name" value="QSPI_CS"/>
    <symbolicName propertyId="p307.symbolic_name" value="QSPI_IO0"/>
    <symbolicName propertyId="p400.symbolic_name" value="PMOD1_CLK"/>
    <symbolicName propertyId="p401.symbolic_name" value="PMOD1_SS"/>
    <symbolicName propertyId="p402.symbolic_name" value="PMOD1_IO1"/>
    <symbolicName propertyId="p403.symbolic_name" value="PMOD1_RST"/>
    <symbolicName propertyId="p404.symbolic_name" value="LED2"/>
    <symbolicName propertyId="p405.symbolic_name" value="LED3"/>
    <symbolicName propertyId="p406.symbolic_name" value="PMOD1_IO2"/>
    <symbolicName propertyId="p408.symbolic_name" value="GROVE1_SCL_QWIIC_SCL"/>
    <symbolicName propertyId="p409.symbolic_name" value="GROVE1_SDA_QWIIC_SDA"/>
    <symbolicName propertyId="p413.symbolic_name" value="PMOD2_SS1"/>
    <symbolicName propertyId="p414.symbolic_name" value="PMOD2_INT"/>
    <symbolicName propertyId="p415.symbolic_name" value="LED1"/>
    <symbolicName propertyId="p502.symbolic_name" value="MIKROBUS_INT"/>
    <symbolicName propertyId="p503.symbolic_name" value="QSPI_IO1"/>
    <symbolicName propertyId="p505.symbolic_name" value="QSPI_IO3"/>
    <symbolicName propertyId="p600.symbolic_name" value="ARDUINO_CLK_MIKROBUS_CLK"/>
    <symbolicName propertyId="p601.symbolic_name" value="ARDUINO_MISO_MIKROBUS_MISO"/>
    <symbolicName propertyId="p602.symbolic_name" value="ARDUINO_MOSI_MIKROBUS_MOSI"/>
    <symbolicName propertyId="p603.symbolic_name" value="ARDUINO_SS_MIKROBUS_SS"/>
    <symbolicName propertyId="p608.symbolic_name" value="PMOD2_RST"/>
    <symbolicName propertyId="p609.symbolic_name" value="PMOD2_IO1"/>
    <symbolicName propertyId="p610.symbolic_name" value="PMOD2_IO2"/>
    <pincfg active="true" name="RA4M2 EK" selected="true" symbol="g_bsp_pin_cfg">
      <configSetting altId="adc0.an00.p000" configurationId="adc0.an00"/>
      <configSetting altId="adc0.an01.p001" configurationId="adc0.an01"/>
      <configSetting altId="adc0.an02.p002" configurationId="adc0.an02"/>
      <configSetting altId="adc0.an03.p003" configurationId="adc0.an03"/>
      <configSetting altId="adc0.an04.p004" configurationId="adc0.an04"/>
      <configSetting altId="adc0.an07.p007" configurationId="adc0.an07"/>
      <configSetting altId="adc0.an12.p014" configurationId="adc0.an12"/>
      <configSetting altId="adc0.an13.p015" configurationId="adc0.an13"/>
      <configSetting altId="adc0.mode.custom" configurationId="adc0.mode"/>
      <configSetting altId="cgc0.extal.p212" configurationId="cgc0.extal"/>
      <configSetting altId="cgc0.mode.custom" configurationId="cgc0.mode"/>
      <configSetting altId="cgc0.xtal.p213" configurationId="cgc0.xtal"/>
      <configSetting altId="debug0.mode.jtag" configurationId="debug0.mode"/>
      <configSetting altId="debug0.tck.p300" configurationId="debug0.tck"/>
      <configSetting altId="debug0.tdi.p110" configurationId="debug0.tdi"/>
      <configSetting altId="debug0.tdo.p109" configurationId="debug0.tdo"/>
      <configSetting altId="debug0.tms.p108" configurationId="debug0.tms"/>
      <configSetting altId="gpt3.gtioca.p111" configurationId="gpt3.gtioca"/>
      <configSetting altId="gpt3.mode.gtiocaorgtiocb.free" configurationId="gpt3.mode"/>
      <configSetting altId="p000.asel" configurationId="p000"/>
      <configSetting altId="p000.gpio_mode.gpio_mode_an" configurationId="p000.gpio_mode"/>
      <configSetting altId="p001.asel" configurationId="p001"/>
      <configSetting altId="p001.gpio_mode.gpio_mode_an" configurationId="p001.gpio_mode"/>
      <configSetting altId="p002.asel" configurationId="p002"/>
      <configSetting altId="p002.gpio_mode.gpio_mode_an" configurationId="p002.gpio_mode"/>
      <configSetting altId="p003.asel" configurationId="p003"/>
      <configSetting altId="p003.gpio_mode.gpio_mode_an" configurationId="p003.gpio_mode"/>
      <configSetting altId="p004.asel" configurationId="p004"/>
      <configSetting altId="p004.gpio_mode.gpio_mode_an" configurationId="p004.gpio_mode"/>
      <configSetting altId="p005.input" configurationId="p005"/>
      <configSetting altId="p005.gpio_irq.gpio_irq_enabled" configurationId="p005.gpio_irq"/>
      <configSetting altId="p005.gpio_mode.gpio_mode_in" configurationId="p005.gpio_mode"/>
      <configSetting altId="p006.input" configurationId="p006"/>
      <configSetting altId="p006.gpio_irq.gpio_irq_enabled" configurationId="p006.gpio_irq"/>
      <configSetting altId="p006.gpio_mode.gpio_mode_in" configurationId="p006.gpio_mode"/>
      <configSetting altId="p007.asel" configurationId="p007"/>
      <configSetting altId="p007.gpio_mode.gpio_mode_an" configurationId="p007.gpio_mode"/>
      <configSetting altId="p008.input" configurationId="p008"/>
      <configSetting altId="p008.gpio_irq.gpio_irq_enabled" configurationId="p008.gpio_irq"/>
      <configSetting altId="p008.gpio_mode.gpio_mode_in" configurationId="p008.gpio_mode"/>
      <configSetting altId="p008.gpio_pupd.gpio_pupd_ip_up" configurationId="p008.gpio_pupd"/>
      <configSetting altId="p014.asel" configurationId="p014"/>
      <configSetting altId="p014.gpio_mode.gpio_mode_an" configurationId="p014.gpio_mode"/>
      <configSetting altId="p015.asel" configurationId="p015"/>
      <configSetting altId="p015.gpio_mode.gpio_mode_an" configurationId="p015.gpio_mode"/>
      <configSetting altId="p100.sci0.rxd" configurationId="p100"/>
      <configSetting altId="p100.gpio_mode.gpio_mode_peripheral" configurationId="p100.gpio_mode"/>
      <configSetting altId="p101.sci0.txd" configurationId="p101"/>
      <configSetting altId="p101.gpio_mode.gpio_mode_peripheral" configurationId="p101.gpio_mode"/>
      <configSetting altId="p102.output.low" configurationId="p102"/>
      <configSetting altId="p102.gpio_mode.gpio_mode_out.low" configurationId="p102.gpio_mode"/>
      <configSetting altId="p103.output.low" configurationId="p103"/>
      <configSetting altId="p103.gpio_mode.gpio_mode_out.low" configurationId="p103.gpio_mode"/>
      <configSetting altId="p104.qspi0.qio2" configurationId="p104"/>
      <configSetting altId="p104.gpio_mode.gpio_mode_peripheral" configurationId="p104.gpio_mode"/>
      <configSetting altId="p105.output.low" configurationId="p105"/>
      <configSetting altId="p105.gpio_mode.gpio_mode_out.low" configurationId="p105.gpio_mode"/>
      <configSetting altId="p106.output.low" configurationId="p106"/>
      <configSetting altId="p106.gpio_mode.gpio_mode_out.low" configurationId="p106.gpio_mode"/>
      <configSetting altId="p107.output.low" configurationId="p107"/>
      <configSetting altId="p107.gpio_mode.gpio_mode_out.low" configurationId="p107.gpio_mode"/>
      <configSetting altId="p108.debug0.tms" configurationId="p108"/>
      <configSetting altId="p108.gpio_mode.gpio_mode_peripheral" configurationId="p108.gpio_mode"/>
      <configSetting altId="p109.debug0.tdo" configurationId="p109"/>
      <configSetting altId="p109.gpio_mode.gpio_mode_peripheral" configurationId="p109.gpio_mode"/>
      <configSetting altId="p110.debug0.tdi" configurationId="p110"/>
      <configSetting altId="p110.gpio_mode.gpio_mode_peripheral" configurationId="p110.gpio_mode"/>
      <configSetting altId="p111.gpt3.gtioca" configurationId="p111"/>
      <configSetting altId="p111.gpio_mode.gpio_mode_peripheral" configurationId="p111.gpio_mode"/>
      <configSetting altId="p112.sci2.sda" configurationId="p112"/>
      <configSetting altId="p112.gpio_mode.gpio_mode_peripheral" configurationId="p112.gpio_mode"/>
      <configSetting altId="p112.gpio_otype.gpio_otype_n_ch_od" configurationId="p112.gpio_otype"/>
      <configSetting altId="p113.sci2.scl" configurationId="p113"/>
      <configSetting altId="p113.gpio_mode.gpio_mode_peripheral" configurationId="p113.gpio_mode"/>
      <configSetting altId="p113.gpio_otype.gpio_otype_n_ch_od" configurationId="p113.gpio_otype"/>
      <configSetting altId="p114.output.low" configurationId="p114"/>
      <configSetting altId="p114.gpio_mode.gpio_mode_out.low" configurationId="p114.gpio_mode"/>
      <configSetting altId="p115.output.low" configurationId="p115"/>
      <configSetting altId="p115.gpio_mode.gpio_mode_out.low" configurationId="p115.gpio_mode"/>
      <configSetting altId="p206.sci4.rxd" configurationId="p206"/>
      <configSetting altId="p206.gpio_mode.gpio_mode_peripheral" configurationId="p206.gpio_mode"/>
      <configSetting altId="p207.sci4.txd" configurationId="p207"/>
      <configSetting altId="p207.gpio_mode.gpio_mode_peripheral" configurationId="p207.gpio_mode"/>
      <configSetting altId="p212.cgc0.extal" configurationId="p212"/>
      <configSetting altId="p212.gpio_mode.gpio_mode_peripheral" configurationId="p212.gpio_mode"/>
      <configSetting altId="p213.cgc0.xtal" configurationId="p213"/>
      <configSetting altId="p213.gpio_mode.gpio_mode_peripheral" configurationId="p213.gpio_mode"/>
      <configSetting altId="p300.debug0.tck" configurationId="p300"/>
      <configSetting altId="p300.gpio_mode.gpio_mode_peripheral" configurationId="p300.gpio_mode"/>
      <configSetting altId="p304.output.low" configurationId="p304"/>
      <configSetting altId="p304.gpio_mode.gpio_mode_out.low" configurationId="p304.gpio_mode"/>
      <configSetting altId="p305.qspi0.qspclk" configurationId="p305"/>
      <configSetting altId="p305.gpio_mode.gpio_mode_peripheral" configurationId="p305.gpio_mode"/>
      <configSetting altId="p306.qspi0.qssl" configurationId="p306"/>
      <configSetting altId="p306.gpio_mode.gpio_mode_peripheral" configurationId="p306.gpio_mode"/>
      <configSetting altId="p307.qspi0.qio0" configurationId="p307"/>
      <configSetting altId="p307.gpio_mode.gpio_mode_peripheral" configurationId="p307.gpio_mode"/>
      <configSetting altId="p400.sci4.sck" configurationId="p400"/>
      <configSetting altId="p400.gpio_mode.gpio_mode_peripheral" configurationId="p400.gpio_mode"/>
      <configSetting altId="p401.sci4.ctsrts" configurationId="p401"/>
      <configSetting altId="p401.gpio_mode.gpio_mode_peripheral" configurationId="p401.gpio_mode"/>
      <configSetting altId="p402.output.low" configurationId="p402"/>
      <configSetting altId="p402.gpio_mode.gpio_mode_out.low" configurationId="p402.gpio_mode"/>
      <configSetting altId="p403.output.low" configurationId="p403"/>
      <configSetting altId="p403.gpio_mode.gpio_mode_out.low" configurationId="p403.gpio_mode"/>
      <configSetting altId="p404.output.low" configurationId="p404"/>
      <configSetting altId="p404.gpio_mode.gpio_mode_out.low" configurationId="p404.gpio_mode"/>
      <configSetting altId="p405.output.low" configurationId="p405"/>
      <configSetting altId="p405.gpio_mode.gpio_mode_out.low" configurationId="p405.gpio_mode"/>
      <configSetting altId="p406.output.low" configurationId="p406"/>
      <configSetting altId="p406.gpio_mode.gpio_mode_out.low" configurationId="p406.gpio_mode"/>
      <configSetting altId="p408.sci3.scl" configurationId="p408"/>
      <configSetting altId="p408.gpio_mode.gpio_mode_peripheral" configurationId="p408.gpio_mode"/>
      <configSetting altId="p408.gpio_otype.gpio_otype_n_ch_od" configurationId="p408.gpio_otype"/>
      <configSetting altId="p409.sci3.sda" configurationId="p409"/>
      <configSetting altId="p409.gpio_mode.gpio_mode_peripheral" configurationId="p409.gpio_mode"/>
      <configSetting altId="p409.gpio_otype.gpio_otype_n_ch_od" configurationId="p409.gpio_otype"/>
      <configSetting altId="p413.sci0.ctsrts" configurationId="p413"/>
      <configSetting altId="p413.gpio_mode.gpio_mode_peripheral" configurationId="p413.gpio_mode"/>
      <configSetting altId="p414.input" configurationId="p414"/>
      <configSetting altId="p414.gpio_irq.gpio_irq_enabled" configurationId="p414.gpio_irq"/>
      <configSetting altId="p414.gpio_mode.gpio_mode_in" configurationId="p414.gpio_mode"/>
      <configSetting altId="p414.gpio_pupd.gpio_pupd_ip_up" configurationId="p414.gpio_pupd"/>
      <configSetting altId="p415.output.low" configurationId="p415"/>
      <configSetting altId="p415.gpio_mode.gpio_mode_out.low" configurationId="p415.gpio_mode"/>
      <configSetting altId="p502.input" configurationId="p502"/>
      <configSetting altId="p502.gpio_irq.gpio_irq_enabled" configurationId="p502.gpio_irq"/>
      <configSetting altId="p502.gpio_mode.gpio_mode_in" configurationId="p502.gpio_mode"/>
      <configSetting altId="p502.gpio_pupd.gpio_pupd_ip_up" configurationId="p502.gpio_pupd"/>
      <configSetting altId="p503.qspi0.qio1" configurationId="p503"/>
      <configSetting altId="p503.gpio_mode.gpio_mode_peripheral" configurationId="p503.gpio_mode"/>
      <configSetting altId="p505.qspi0.qio3" configurationId="p505"/>
      <configSetting altId="p505.gpio_mode.gpio_mode_peripheral" configurationId="p505.gpio_mode"/>
      <configSetting altId="p600.sci9.sck" configurationId="p600"/>
      <configSetting altId="p600.gpio_mode.gpio_mode_peripheral" configurationId="p600.gpio_mode"/>
      <configSetting altId="p601.sci9.rxd" configurationId="p601"/>
      <configSetting altId="p601.gpio_mode.gpio_mode_peripheral" configurationId="p601.gpio_mode"/>
      <configSetting altId="p601.gpio_otype.gpio_otype_n_ch_od" configurationId="p601.gpio_otype"/>
      <configSetting altId="p602.sci9.txd" configurationId="p602"/>
      <configSetting altId="p602.gpio_mode.gpio_mode_peripheral" configurationId="p602.gpio_mode"/>
      <configSetting altId="p602.gpio_otype.gpio_otype_n_ch_od" configurationId="p602.gpio_otype"/>
      <configSetting altId="p603.sci9.ctsrts" configurationId="p603"/>
      <configSetting altId="p603.gpio_mode.gpio_mode_peripheral" configurationId="p603.gpio_mode"/>
      <configSetting altId="p608.output.low" configurationId="p608"/>
      <configSetting altId="p608.gpio_mode.gpio_mode_out.low" configurationId="p608.gpio_mode"/>
      <configSetting altId="p609.output.low" configurationId="p609"/>
      <configSetting altId="p609.gpio_mode.gpio_mode_out.low" configurationId="p609.gpio_mode"/>
      <configSetting altId="p610.output.low" configurationId="p610"/>
      <configSetting altId="p610.gpio_mode.gpio_mode_out.low" configurationId="p610.gpio_mode"/>
      <configSetting altId="qspi0.mode.custom.free" configurationId="qspi0.mode"/>
      <configSetting altId="qspi0.pairing.free" configurationId="qspi0.pairing"/>
      <configSetting altId="qspi0.qio0.p307" configurationId="qspi0.qio0"/>
      <configSetting altId="qspi0.qio1.p503" configurationId="qspi0.qio1"/>
      <configSetting altId="qspi0.qio2.p104" configurationId="qspi0.qio2"/>
      <configSetting altId="qspi0.qio3.p505" configurationId="qspi0.qio3"/>
      <configSetting altId="qspi0.qspclk.p305" configurationId="qspi0.qspclk"/>
      <configSetting altId="qspi0.qssl.p306" configurationId="qspi0.qssl"/>
      <configSetting altId="sci0.ctsrts.p413" configurationId="sci0.ctsrts"/>
      <configSetting altId="sci0.mode.custom.free" configurationId="sci0.mode"/>
      <configSetting altId="sci0.rxd.p100" configurationId="sci0.rxd"/>
      <configSetting altId="sci0.txd.p101" configurationId="sci0.txd"/>
      <configSetting altId="sci2.mode.iic.b" configurationId="sci2.mode"/>
      <configSetting altId="sci2.pairing.b" configurationId="sci2.pairing"/>
      <configSetting altId="sci2.scl.p113" configurationId="sci2.scl"/>
      <configSetting altId="sci2.sda.p112" configurationId="sci2.sda"/>
      <configSetting altId="sci3.mode.iic.free" configurationId="sci3.mode"/>
      <configSetting altId="sci3.scl.p408" configurationId="sci3.scl"/>
      <configSetting altId="sci3.sda.p409" configurationId="sci3.sda"/>
      <configSetting altId="sci4.ctsrts.p401" configurationId="sci4.ctsrts"/>
      <configSetting altId="sci4.mode.spi.free" configurationId="sci4.mode"/>
      <configSetting altId="sci4.rxd.p206" configurationId="sci4.rxd"/>
      <configSetting altId="sci4.sck.p400" configurationId="sci4.sck"/>
      <configSetting altId="sci4.txd.p207" configurationId="sci4.txd"/>
      <configSetting altId="sci9.ctsrts.p603" configurationId="sci9.ctsrts"/>
      <configSetting altId="sci9.mode.spi.c" configurationId="sci9.mode"/>
      <configSetting altId="sci9.pairing.c" configurationId="sci9.pairing"/>
      <configSetting altId="sci9.rxd.p601" configurationId="sci9.rxd"/>
      <configSetting altId="sci9.sck.p600" configurationId="sci9.sck"/>
      <configSetting altId="sci9.txd.p602" configurationId="sci9.txd"/>
      <configSetting altId="spi0.pairing.free" configurationId="spi0.pairing"/>
    </pincfg>
    <pincfg active="false" name="R7FA4M2AD3CFP.pincfg" symbol="">
      <configSetting altId="debug0.mode.jtag" configurationId="debug0.mode"/>
      <configSetting altId="p108.gpio_mode.gpio_mode_peripheral" configurationId="p108.gpio_mode"/>
      <configSetting altId="p108.debug0.tms" configurationId="p108"/>
      <configSetting altId="debug0.tms.p108" configurationId="debug0.tms"/>
      <configSetting altId="p109.gpio_mode.gpio_mode_peripheral" configurationId="p109.gpio_mode"/>
      <configSetting altId="p109.debug0.tdo" configurationId="p109"/>
      <configSetting altId="debug0.tdo.p109" configurationId="debug0.tdo"/>
      <configSetting altId="p110.gpio_mode.gpio_mode_peripheral" configurationId="p110.gpio_mode"/>
      <configSetting altId="p110.debug0.tdi" configurationId="p110"/>
      <configSetting altId="debug0.tdi.p110" configurationId="debug0.tdi"/>
      <configSetting altId="p300.gpio_mode.gpio_mode_peripheral" configurationId="p300.gpio_mode"/>
      <configSetting altId="p300.debug0.tck" configurationId="p300"/>
      <configSetting altId="debug0.tck.p300" configurationId="debug0.tck"/>
    </pincfg>
  </raPinConfiguration>
</raConfiguration>
