<?xml version="1.0" encoding="UTF-8" standalone="no"?>
<project>
	<configuration id="com.renesas.cdt.managedbuild.renesas.ccrh.hardwaredebug.configuration.919173671" name="HardwareDebug">
		<extension point="org.eclipse.cdt.core.LanguageSettingsProvider">
			<provider copy-of="extension" id="org.eclipse.cdt.ui.UserLanguageSettingsProvider"/>
			<provider-reference id="com.renesas.cdt.managedbuild.renesas.ccrh.renesasTcBuiltinLanguageSettings" ref="shared-provider"/>
			<provider class="com.renesas.cdt.managedbuild.renesas.ccrh.internal.RenesasCCRHBuiltinSpecsDetector" console="false" env-hash="1480272096761902" id="com.renesas.cdt.managedbuild.renesas.ccrh.renesasTcBuiltinCompilerSettings" keep-relative-paths="false" name="Renesas Toolchain Builtin Compiler Settings CC-RH" parameter="${COMMAND} ${toolchain_flags} ${FLAGS}" prefer-non-shared="true">
				<language-scope id="org.eclipse.cdt.core.gcc"/>
				<language-scope id="org.eclipse.cdt.core.g++"/>
			</provider>
			<provider-reference id="org.eclipse.cdt.managedbuilder.core.MBSLanguageSettingsProvider" ref="shared-provider"/>
		</extension>
	</configuration>
	<configuration id="com.renesas.cdt.managedbuild.renesas.ccrh.release.configuration.1638084947" name="Release">
		<extension point="org.eclipse.cdt.core.LanguageSettingsProvider">
			<provider copy-of="extension" id="org.eclipse.cdt.ui.UserLanguageSettingsProvider"/>
			<provider-reference id="com.renesas.cdt.managedbuild.renesas.ccrh.renesasTcBuiltinLanguageSettings" ref="shared-provider"/>
			<provider class="com.renesas.cdt.managedbuild.renesas.ccrh.internal.RenesasCCRHBuiltinSpecsDetector" console="false" env-hash="-1694958256345260" id="com.renesas.cdt.managedbuild.renesas.ccrh.renesasTcBuiltinCompilerSettings" keep-relative-paths="false" name="Renesas Toolchain Builtin Compiler Settings CC-RH" parameter="${COMMAND} ${toolchain_flags} ${FLAGS}" prefer-non-shared="true">
				<language-scope id="org.eclipse.cdt.core.gcc"/>
				<language-scope id="org.eclipse.cdt.core.g++"/>
			</provider>
			<provider-reference id="org.eclipse.cdt.managedbuilder.core.MBSLanguageSettingsProvider" ref="shared-provider"/>
		</extension>
	</configuration>
</project>